Records type all-round analysis,,,,,,,,,,,,,
View match by match list,,,,,,,,,,,,,
Ordered by start date (ascending),,,,,,,,,,,,,
"Return to query menu
Cleared query menu",,,,,,,,,,,,,
,Span,Mat,Runs,HS,Bat Av,100,Wkts,BBI,Bowl Av,5,Ct,St,Ave Diff
overall,2000-2017,304,8701,150,36.55,14,111,May-31,38.68,1,94,0,-2.12
Bat1,Wkts,Conc,Ct,St,,Opposition,Ground,Start Date,,,,,
DNB,0,16,0,0,,v Kenya,Nairobi (Gym),03-Oct-00,,,,,
84,-,-,1,0,,v Australia,Nairobi (Gym),07-Oct-00,,,,,
41,1,15,0,0,,v South Africa,Nairobi (Gym),13-Oct-00,,,,,
18,0,32,1,0,,v New Zealand,Nairobi (Gym),15-Oct-00,,,,,
7,-,-,1,0,,v Sri Lanka,Sharjah,20-Oct-00,,,,,
34,0,14,0,0,,v Zimbabwe,Sharjah,22-Oct-00,,,,,
4,-,-,0,0,,v Zimbabwe,Sharjah,26-Oct-00,,,,,
7,0,10,0,0,,v Sri Lanka,Sharjah,27-Oct-00,,,,,
3,0,6,1,0,,v Sri Lanka,Sharjah,29-Oct-00,,,,,
11,-,-,1,0,,v Zimbabwe,Cuttack,02-Dec-00,,,,,
17,0,14,1,0,,v Zimbabwe,Ahmedabad,05-Dec-00,,,,,
5,-,-,2,0,,v Zimbabwe,Jodhpur,08-Dec-00,,,,,
29,-,-,1,0,,v Zimbabwe,Rajkot,14-Dec-00,,,,,
19,0,16,1,0,,v Australia,Margao,06-Apr-01,,,,,
6,1,43,1,0,,v New Zealand,Colombo (RPS),20-Jul-01,,,,,
12,2,41,0,0,,v Sri Lanka,Colombo (RPS),22-Jul-01,,,,,
28,2,24,0,0,,v New Zealand,Colombo (RPS),26-Jul-01,,,,,
DNB,1,20,1,0,,v Sri Lanka,Colombo (RPS),28-Jul-01,,,,,
98*,-,-,0,0,,v Sri Lanka,Colombo (SSC),01-Aug-01,,,,,
DNB,2,37,0,0,,v New Zealand,Colombo (SSC),02-Aug-01,,,,,
6,0,57,0,0,,v Sri Lanka,Colombo (RPS),05-Aug-01,,,,,
14,-,-,0,0,,v South Africa,Johannesburg,05-Oct-01,,,,,
42,-,-,1,0,,v South Africa,Centurion,10-Oct-01,,,,,
DNB,-,-,0,0,,v Kenya,Bloemfontein,12-Oct-01,,,,,
0,1,44,1,0,,v Kenya,Port Elizabeth,17-Oct-01,,,,,
3,0,29,0,0,,v South Africa,East London,19-Oct-01,,,,,
10*,2,35,0,0,,v Kenya,Paarl,24-Oct-01,,,,,
0,-,-,0,0,,v South Africa,Durban,26-Oct-01,,,,,
80*,-,-,0,0,,v Zimbabwe,Hyderabad (Deccan),16-Mar-02,,,,,
75,0,22,0,0,,v Zimbabwe,Guwahati,19-Mar-02,,,,,
DNB,-,-,0,0,,v West Indies,Bridgetown,29-May-02,,,,,
1,-,-,0,0,,v West Indies,Port of Spain,01-Jun-02,,,,,
10,-,-,0,0,,v West Indies,Port of Spain,02-Jun-02,,,,,
64*,3,39,0,0,,v England,Lord's,29-Jun-02,,,,,
31,-,-,0,0,,v Sri Lanka,The Oval,30-Jun-02,,,,,
40*,-,-,0,0,,v England,Chester-le-Street,04-Jul-02,,,,,
37,-,-,1,0,,v Sri Lanka,Birmingham,06-Jul-02,,,,,
5,1,37,1,0,,v England,The Oval,09-Jul-02,,,,,
8,1,12,0,0,,v Sri Lanka,Bristol,11-Jul-02,,,,,
69,0,18,0,0,,v England,Lord's,13-Jul-02,,,,,
3,0,24,1,0,,v Zimbabwe,Colombo (RPS),14-Sep-02,,,,,
DNB,1,18,0,0,,v England,Colombo (RPS),22-Sep-02,,,,,
62,0,17,3,0,,v South Africa,Colombo (RPS),25-Sep-02,,,,,
DNB,-,-,0,0,,v Sri Lanka,Colombo (RPS),29-Sep-02,,,,,
DNB,-,-,0,0,,v Sri Lanka,Colombo (RPS),30-Sep-02,,,,,
4,0,11,0,0,,v West Indies,Jamshedpur,06-Nov-02,,,,,
1,-,-,0,0,,v West Indies,Nagpur,09-Nov-02,,,,,
DNB,-,-,0,0,,v West Indies,Rajkot,12-Nov-02,,,,,
30,0,48,0,0,,v West Indies,Ahmedabad,15-Nov-02,,,,,
15,0,18,0,0,,v West Indies,Vadodara,18-Nov-02,,,,,
54,-,-,0,0,,v West Indies,Jodhpur,21-Nov-02,,,,,
68,-,-,0,0,,v West Indies,Vijayawada,24-Nov-02,,,,,
2,-,-,0,0,,v New Zealand,Auckland,26-Dec-02,,,,,
0,-,-,1,0,,v New Zealand,Napier,29-Dec-02,,,,,
12,-,-,0,0,,v New Zealand,Christchurch,01-Jan-03,,,,,
25,-,-,0,0,,v New Zealand,Queenstown,04-Jan-03,,,,,
54,-,-,0,0,,v New Zealand,Wellington,08-Jan-03,,,,,
8,-,-,0,0,,v New Zealand,Auckland,11-Jan-03,,,,,
33,-,-,0,0,,v New Zealand,Hamilton,14-Jan-03,,,,,
37,-,-,0,0,,v Netherlands,Paarl,12-Feb-03,,,,,
0,-,-,0,0,,v Australia,Centurion,15-Feb-03,,,,,
1,-,-,0,0,,v Zimbabwe,Harare,19-Feb-03,,,,,
7*,4,6,0,0,,v Namibia,Pietermaritzburg,23-Feb-03,,,,,
42,-,-,0,0,,v England,Durban,26-Feb-03,,,,,
50*,-,-,0,0,,v Pakistan,Centurion,01-Mar-03,,,,,
58*,0,9,0,0,,v Kenya,Cape Town,07-Mar-03,,,,,
5,-,-,1,0,,v Sri Lanka,Johannesburg,10-Mar-03,,,,,
DNB,-,-,0,0,,v New Zealand,Centurion,14-Mar-03,,,,,
16,1,43,0,0,,v Kenya,Durban,20-Mar-03,,,,,
24,0,12,0,0,,v Australia,Johannesburg,23-Mar-03,,,,,
102*,-,-,0,0,,v Bangladesh,Dhaka,11-Apr-03,,,,,
11,-,-,1,0,,v South Africa,Dhaka,13-Apr-03,,,,,
2*,-,-,-,-,,v South Africa,Dhaka,21-Apr-03,,,,,
29*,-,-,-,-,,v New Zealand,Chennai,23-Oct-03,,,,,
44,0,5,0,0,,v Australia,Gwalior,26-Oct-03,,,,,
9,1,36,1,0,,v Australia,Mumbai,01-Nov-03,,,,,
0,0,7,1,0,,v New Zealand,Cuttack,06-Nov-03,,,,,
20,0,33,0,0,,v Australia,Bengaluru,12-Nov-03,,,,,
7,0,25,0,0,,v New Zealand,Hyderabad (Deccan),15-Nov-03,,,,,
4,-,-,1,0,,v Australia,Kolkata,18-Nov-03,,,,,
25,-,-,2,0,,v Australia,Melbourne,09-Jan-04,,,,,
DNB,-,-,0,0,,v Zimbabwe,Hobart,14-Jan-04,,,,,
5,-,-,1,0,,v Australia,Brisbane,18-Jan-04,,,,,
69,-,-,1,0,,v Zimbabwe,Brisbane,20-Jan-04,,,,,
139,-,-,0,0,,v Australia,Sydney,22-Jan-04,,,,,
47,-,-,0,0,,v Australia,Perth,01-Feb-04,,,,,
4,-,-,0,0,,v Zimbabwe,Perth,03-Feb-04,,,,,
21,-,-,0,0,,v Australia,Melbourne,06-Feb-04,,,,,
4,-,-,0,0,,v Australia,Sydney,08-Feb-04,,,,,
3,-,-,0,0,,v Pakistan,Karachi,13-Mar-04,,,,,
19,2,41,0,0,,v Pakistan,Rawalpindi,16-Mar-04,,,,,
65,0,9,1,0,,v Pakistan,Peshawar,19-Mar-04,,,,,
36,0,18,1,0,,v Pakistan,Lahore,21-Mar-04,,,,,
18,-,-,1,0,,v Pakistan,Lahore,24-Mar-04,,,,,
22,-,-,0,0,,v U.A.E.,Dambulla,16-Jul-04,,,,,
47,0,17,0,0,,v Sri Lanka,Dambulla,18-Jul-04,,,,,
DNB,-,-,0,0,,v Bangladesh,Colombo (SSC),21-Jul-04,,,,,
28,-,-,1,0,,v Pakistan,Colombo (RPS),25-Jul-04,,,,,
50,-,-,2,0,,v Sri Lanka,Colombo (RPS),27-Jul-04,,,,,
8,-,-,2,0,,v Sri Lanka,Colombo (RPS),01-Aug-04,,,,,
13,-,-,0,0,,v Pakistan,Amstelveen,21-Aug-04,,,,,
TDNB,-,-,0,0,,v Australia,Amstelveen,23-Aug-04,,,,,
4,-,-,1,0,,v England,Nottingham,01-Sep-04,,,,,
24,0,23,0,0,,v England,The Oval,03-Sep-04,,,,,
9,1,24,0,0,,v England,Lord's,05-Sep-04,,,,,
9,0,17,0,0,,v Kenya,Southampton,11-Sep-04,,,,,
0,1,6,1,0,,v Pakistan,Birmingham,19-Sep-04,,,,,
78,0,10,0,0,,v Pakistan,Kolkata,13-Nov-04,,,,,
21,-,-,1,0,,v Bangladesh,Chittagong,23-Dec-04,,,,,
4,-,-,0,0,,v Bangladesh,Dhaka,26-Dec-04,,,,,
69,0,24,0,0,,v Bangladesh,Dhaka,27-Dec-04,,,,,
16,0,29,1,0,,v Pakistan,Kochi,02-Apr-05,,,,,
15,3,55,1,0,,v Pakistan,Visakhapatnam,05-Apr-05,,,,,
1,1,10,0,0,,v Pakistan,Jamshedpur,09-Apr-05,,,,,
35*,0,33,0,0,,v Pakistan,Ahmedabad,12-Apr-05,,,,,
18,-,-,0,0,,v Pakistan,Kanpur,15-Apr-05,,,,,
13,-,-,0,0,,v Pakistan,Delhi,17-Apr-05,,,,,
12,-,-,0,0,,v Sri Lanka,Dambulla,30-Jul-05,,,,,
28,-,-,0,0,,v West Indies,Dambulla,31-Jul-05,,,,,
110,0,22,0,0,,v West Indies,Colombo (RPS),07-Aug-05,,,,,
42,-,-,0,0,,v Sri Lanka,Colombo (RPS),09-Aug-05,,,,,
1,-,-,0,0,,v New Zealand,Bulawayo,26-Aug-05,,,,,
53*,-,-,0,0,,v Zimbabwe,Harare,29-Aug-05,,,,,
22,-,-,0,0,,v New Zealand,Harare,02-Sep-05,,,,,
120,-,-,0,0,,v Zimbabwe,Harare,04-Sep-05,,,,,
20,1,39,0,0,,v New Zealand,Harare,06-Sep-05,,,,,
14,-,-,0,0,,v Sri Lanka,Nagpur,25-Oct-05,,,,,
DNB,-,-,1,0,,v Sri Lanka,Mohali,28-Oct-05,,,,,
18,-,-,0,0,,v Sri Lanka,Jaipur,31-Oct-05,,,,,
10,0,14,0,0,,v Sri Lanka,Pune,03-Nov-05,,,,,
3,-,-,0,0,,v Sri Lanka,Ahmedabad,06-Nov-05,,,,,
79*,-,-,0,0,,v Sri Lanka,Rajkot,09-Nov-05,,,,,
0*,-,-,2,0,,v Sri Lanka,Vadodara,12-Nov-05,,,,,
103,0,27,0,0,,v South Africa,Hyderabad (Deccan),16-Nov-05,,,,,
4*,1,17,0,0,,v South Africa,Bengaluru,19-Nov-05,,,,,
53,-,-,0,0,,v South Africa,Kolkata,25-Nov-05,,,,,
49,0,23,2,0,,v South Africa,Mumbai,28-Nov-05,,,,,
39,-,-,0,0,,v Pakistan,Peshawar,06-Feb-06,,,,,
82*,-,-,0,0,,v Pakistan,Rawalpindi,11-Feb-06,,,,,
79*,-,-,0,0,,v Pakistan,Lahore,13-Feb-06,,,,,
37,-,-,0,0,,v Pakistan,Multan,16-Feb-06,,,,,
107*,-,-,0,0,,v Pakistan,Karachi,19-Feb-06,,,,,
1,2,32,0,0,,v England,Delhi,28-Mar-06,,,,,
18,1,39,0,0,,v England,Faridabad,31-Mar-06,,,,,
103,0,19,2,0,,v England,Margao,03-Apr-06,,,,,
48,2,34,2,0,,v England,Kochi,06-Apr-06,,,,,
4,0,25,0,0,,v England,Jamshedpur,12-Apr-06,,,,,
63*,1,31,0,0,,v England,Indore,15-Apr-06,,,,,
7,-,-,0,0,,v Pakistan,Abu Dhabi,18-Apr-06,,,,,
24,-,-,1,0,,v Pakistan,Abu Dhabi,19-Apr-06,,,,,
12,-,-,0,0,,v West Indies,Kingston,18-May-06,,,,,
93,1,17,0,0,,v West Indies,Kingston,20-May-06,,,,,
52,0,10,0,0,,v West Indies,Port of Spain,26-May-06,,,,,
26,-,-,0,0,,v West Indies,Port of Spain,28-May-06,,,,,
DNB,-,-,-,-,,v Sri Lanka,Colombo (SSC),18-Aug-06,,,,,
0,-,-,0,0,,v Australia,Kuala Lumpur,16-Sep-06,,,,,
0,-,-,0,0,,v West Indies,Kuala Lumpur,20-Sep-06,,,,,
27*,-,-,0,0,,v England,Jaipur,15-Oct-06,,,,,
27,0,15,0,0,,v West Indies,Ahmedabad,26-Oct-06,,,,,
10,-,-,0,0,,v West Indies,Chennai,27-Jan-07,,,,,
DNB,1,17,1,0,,v West Indies,Vadodara,31-Jan-07,,,,,
21,-,-,0,0,,v Sri Lanka,Margao,14-Feb-07,,,,,
95*,-,-,0,0,,v Sri Lanka,Visakhapatnam,17-Feb-07,,,,,
47,0,15,0,0,,v Bangladesh,Port of Spain,17-Mar-07,,,,,
83,-,-,0,0,,v Bermuda,Port of Spain,19-Mar-07,,,,,
6,-,-,0,0,,v Sri Lanka,Port of Spain,23-Mar-07,,,,,
1,-,-,0,0,,v Bangladesh,Dhaka,10-May-07,,,,,
24,2,40,0,0,,v Bangladesh,Dhaka,12-May-07,,,,,
31,0,14,0,0,,v Africa XI,Bengaluru,06-Jun-07,,,,,
30*,1,43,0,0,,v Africa XI,Chennai,09-Jun-07,,,,,
31,0,10,1,0,,v Africa XI,Chennai,10-Jun-07,,,,,
DNB,-,-,1,0,,v Ireland,Belfast,23-Jun-07,,,,,
13,0,35,0,0,,v South Africa,Belfast,26-Jun-07,,,,,
49*,3,36,0,0,,v South Africa,Belfast,29-Jun-07,,,,,
61*,0,17,0,0,,v South Africa,Belfast,01-Jul-07,,,,,
38,-,-,0,0,,v Scotland,Glasgow,16-Aug-07,,,,,
0,0,29,0,0,,v England,Southampton,21-Aug-07,,,,,
49,-,-,0,0,,v England,Bristol,24-Aug-07,,,,,
45,1,39,2,0,,v England,Birmingham,27-Aug-07,,,,,
71,0,8,1,0,,v England,Manchester,30-Aug-07,,,,,
72,-,-,0,0,,v England,Leeds,02-Sep-07,,,,,
18,0,59,0,0,,v England,The Oval,05-Sep-07,,,,,
28,0,11,0,0,,v England,Lord's,08-Sep-07,,,,,
DNB,1,28,1,0,,v Australia,Bengaluru,29-Sep-07,,,,,
10,0,22,0,0,,v Australia,Kochi,02-Oct-07,,,,,
121,1,49,0,0,,v Australia,Hyderabad (Deccan),05-Oct-07,,,,,
39,-,-,0,0,,v Australia,Chandigarh,08-Oct-07,,,,,
1,-,-,0,0,,v Australia,Vadodara,11-Oct-07,,,,,
6,0,15,0,0,,v Australia,Nagpur,14-Oct-07,,,,,
15,-,-,0,0,,v Australia,Mumbai,17-Oct-07,,,,,
58,-,-,0,0,,v Pakistan,Guwahati,05-Nov-07,,,,,
34,-,-,1,0,,v Pakistan,Mohali,08-Nov-07,,,,,
77,1,18,0,0,,v Pakistan,Kanpur,11-Nov-07,,,,,
53*,1,12,1,0,,v Pakistan,Gwalior,15-Nov-07,,,,,
50,1,47,0,0,,v Pakistan,Jaipur,18-Nov-07,,,,,
2,-,-,-,-,,v Sri Lanka,Brisbane,05-Feb-08,,,,,
3,0,11,0,0,,v Australia,Melbourne,10-Feb-08,,,,,
6,-,-,0,0,,v Sri Lanka,Canberra,12-Feb-08,,,,,
26,0,22,0,0,,v Australia,Adelaide,17-Feb-08,,,,,
76,0,5,0,0,,v Sri Lanka,Adelaide,19-Feb-08,,,,,
5,0,38,0,0,,v Australia,Sydney,24-Feb-08,,,,,
36,0,11,0,0,,v Sri Lanka,Hobart,26-Feb-08,,,,,
10,1,18,1,0,,v Australia,Sydney,02-Mar-08,,,,,
38,0,15,1,0,,v Australia,Brisbane,04-Mar-08,,,,,
55,1,17,0,0,,v Pakistan,Dhaka,10-Jun-08,,,,,
26,0,10,0,0,,v Bangladesh,Dhaka,12-Jun-08,,,,,
56,0,23,0,0,,v Pakistan,Dhaka,14-Jun-08,,,,,
48,0,24,0,0,,v Pakistan,Karachi,26-Jun-08,,,,,
36*,0,13,0,0,,v Bangladesh,Karachi,28-Jun-08,,,,,
37,-,-,0,0,,v Pakistan,Karachi,02-Jul-08,,,,,
36*,-,-,0,0,,v Sri Lanka,Karachi,03-Jul-08,,,,,
0,-,-,0,0,,v Sri Lanka,Karachi,06-Jul-08,,,,,
23,-,-,0,0,,v Sri Lanka,Dambulla,18-Aug-08,,,,,
20,0,10,1,0,,v Sri Lanka,Dambulla,20-Aug-08,,,,,
12,1,37,0,0,,v Sri Lanka,Colombo (RPS),24-Aug-08,,,,,
0,2,53,0,0,,v Sri Lanka,Colombo (RPS),27-Aug-08,,,,,
17,0,11,1,0,,v Sri Lanka,Colombo (RPS),29-Aug-08,,,,,
138*,-,-,0,0,,v England,Rajkot,14-Nov-08,,,,,
118,4,28,0,0,,v England,Indore,17-Nov-08,,,,,
38,1,54,0,0,,v England,Kanpur,20-Nov-08,,,,,
25*,0,31,0,0,,v England,Bengaluru,23-Nov-08,,,,,
6,0,38,1,0,,v England,Cuttack,26-Nov-08,,,,,
23,-,-,0,0,,v Sri Lanka,Dambulla,28-Jan-09,,,,,
66,-,-,0,0,,v Sri Lanka,Colombo (RPS),31-Jan-09,,,,,
117,1,14,2,0,,v Sri Lanka,Colombo (RPS),03-Feb-09,,,,,
5,1,37,1,0,,v Sri Lanka,Colombo (RPS),05-Feb-09,,,,,
73,2,39,0,0,,v Sri Lanka,Colombo (RPS),08-Feb-09,,,,,
2,1,42,0,0,,v New Zealand,Napier,03-Mar-09,,,,,
0,-,-,-,-,,v New Zealand,Wellington,06-Mar-09,,,,,
87,2,71,0,0,,v New Zealand,Christchurch,08-Mar-09,,,,,
DNB,1,40,0,0,,v New Zealand,Hamilton,11-Mar-09,,,,,
11,-,-,0,0,,v New Zealand,Auckland,14-Mar-09,,,,,
131,0,34,0,0,,v West Indies,Kingston,26-Jun-09,,,,,
35,-,-,0,0,,v West Indies,Kingston,28-Jun-09,,,,,
2,0,19,0,0,,v West Indies,Gros Islet,03-Jul-09,,,,,
TDNB,-,-,0,0,,v West Indies,Gros Islet,05-Jul-09,,,,,
8,3,31,0,0,,v New Zealand,Colombo (RPS),11-Sep-09,,,,,
16,0,20,0,0,,v Sri Lanka,Colombo (RPS),12-Sep-09,,,,,
56*,1,24,0,0,,v Sri Lanka,Colombo (RPS),14-Sep-09,,,,,
23,0,39,0,0,,v Australia,Nagpur,28-Oct-09,,,,,
78,1,30,0,0,,v Australia,Delhi,31-Oct-09,,,,,
12,1,54,0,0,,v Australia,Mohali,02-Nov-09,,,,,
9,0,36,0,0,,v Australia,Hyderabad (Deccan),05-Nov-09,,,,,
6,0,29,0,0,,v Australia,Guwahati,08-Nov-09,,,,,
23,0,5,0,0,,v Sri Lanka,Cuttack,21-Dec-09,,,,,
74,0,19,0,0,,v Sri Lanka,Dhaka,05-Jan-10,,,,,
1,1,33,0,0,,v Bangladesh,Dhaka,07-Jan-10,,,,,
8*,1,18,2,0,,v Sri Lanka,Dhaka,10-Jan-10,,,,,
13,1,33,0,0,,v Bangladesh,Dhaka,11-Jan-10,,,,,
0,1,41,0,0,,v Sri Lanka,Dhaka,13-Jan-10,,,,,
5,1,23,0,0,,v New Zealand,Dambulla,10-Aug-10,,,,,
38,-,-,0,0,,v Sri Lanka,Dambulla,22-Aug-10,,,,,
6,-,-,0,0,,v New Zealand,Dambulla,25-Aug-10,,,,,
26,1,37,0,0,,v Sri Lanka,Dambulla,28-Aug-10,,,,,
58,0,48,0,0,,v Australia,Visakhapatnam,20-Oct-10,,,,,
42,3,43,0,0,,v New Zealand,Guwahati,28-Nov-10,,,,,
16*,0,48,0,0,,v New Zealand,Jaipur,01-Dec-10,,,,,
DNB,-,-,3,0,,v New Zealand,Vadodara,04-Dec-10,,,,,
20,0,21,1,0,,v New Zealand,Bengaluru,07-Dec-10,,,,,
42*,2,5,2,0,,v New Zealand,Chennai,10-Dec-10,,,,,
2,0,32,1,0,,v South Africa,Durban,12-Jan-11,,,,,
53,0,3,1,0,,v South Africa,Johannesburg,15-Jan-11,,,,,
16,0,30,0,0,,v South Africa,Cape Town,18-Jan-11,,,,,
12,3,34,0,0,,v South Africa,Port Elizabeth,21-Jan-11,,,,,
8,2,45,1,0,,v South Africa,Centurion,23-Jan-11,,,,,
DNB,0,42,1,0,,v Bangladesh,Dhaka,19-Feb-11,,,,,
58,0,46,0,0,,v England,Bengaluru,27-Feb-11,,,,,
50*,5,31,1,0,,v Ireland,Bengaluru,06-Mar-11,,,,,
51*,2,43,0,0,,v Netherlands,Delhi,09-Mar-11,,,,,
12,0,47,0,0,,v South Africa,Nagpur,12-Mar-11,,,,,
113,2,18,0,0,,v West Indies,Chennai,20-Mar-11,,,,,
57*,2,44,0,0,,v Australia,Ahmedabad,24-Mar-11,,,,,
0,2,57,1,0,,v Pakistan,Mohali,30-Mar-11,,,,,
21*,2,49,0,0,,v Sri Lanka,Mumbai,02-Apr-11,,,,,
2,0,33,0,0,,v Pakistan,Chennai,30-Dec-12,,,,,
9,0,10,1,0,,v Pakistan,Kolkata,03-Jan-13,,,,,
23,-,-,1,0,,v Pakistan,Delhi,06-Jan-13,,,,,
61,-,-,0,0,,v England,Rajkot,11-Jan-13,,,,,
32,0,19,0,0,,v England,Kochi,15-Jan-13,,,,,
30,-,-,2,0,,v England,Ranchi,19-Jan-13,,,,,
3,-,-,3,0,,v England,Mohali,23-Jan-13,,,,,
0,0,15,0,0,,v England,Dharamsala,27-Jan-13,,,,,
7,2,34,0,0,,v Australia,Pune,13-Oct-13,,,,,
DNB,0,35,0,0,,v Australia,Jaipur,16-Oct-13,,,,,
0,0,20,0,0,,v Australia,Mohali,19-Oct-13,,,,,
DNB,0,12,0,0,,v Australia,Ranchi,23-Oct-13,,,,,
0,-,-,0,0,,v Australia,Nagpur,30-Oct-13,,,,,
12,-,-,1,0,,v Australia,Bengaluru,02-Nov-13,,,,,
16*,-,-,0,0,,v West Indies,Kochi,21-Nov-13,,,,,
28,-,-,0,0,,v West Indies,Visakhapatnam,24-Nov-13,,,,,
55,-,-,0,0,,v West Indies,Kanpur,27-Nov-13,,,,,
0,-,-,0,0,,v South Africa,Johannesburg,05-Dec-13,,,,,
TDNB,-,-,1,0,,v South Africa,Centurion,11-Dec-13,,,,,
15,0,14,0,0,,v England,Pune,15-Jan-17,,,,,
150,-,-,0,0,,v England,Cuttack,19-Jan-17,,,,,
45,0,17,0,0,,v England,Kolkata,22-Jan-17,,,,,
53,-,-,0,0,,v Pakistan,Birmingham,04-Jun-17,,,,,
7,-,-,0,0,,v Sri Lanka,The Oval,08-Jun-17,,,,,
23*,-,-,0,0,,v South Africa,The Oval,11-Jun-17,,,,,
DNB,-,-,0,0,,v Bangladesh,Birmingham,15-Jun-17,,,,,
22,-,-,1,0,,v Pakistan,The Oval,18-Jun-17,,,,,
4,-,-,-,-,,v West Indies,Port of Spain,23-Jun-17,,,,,
14,0,25,0,0,,v West Indies,Port of Spain,25-Jun-17,,,,,
39,-,-,0,0,,v West Indies,North Sound,30-Jun-17,,,,,
